MaHLV,HoDemHLV,TenHLV,QuocTich,NamKinhNghiem
HLV01,Nguyen Huu,Thang,Viet Nam,10
HLV02,Nguyen Trung,Kien,Viet Nam,9
HLV03,Nguyen Quoc,Tuan,Viet Nam,21
HLV04,Nguyen Huu,Dung,Viet Nam,10
HLV05,Le Huynh,Duc,Viet Nam,18
HLV06,Hoang Anh,Tuan,Viet Nam,8
HLV07,Nugyen Hong,Son,Viet Nam,11
HLV08,Phan Thanh,Hung,Viet Nam,13
HLV09,Kaisente,Yuno,Nhat Ban,12
HLV10,Vo Dinh,Tan,Viet Nam,18
HLV11,Mai Duc,Chung,Viet Nam,17
HLV12,Nguyen Van,Sy,Viet Nam,15
HLV13,Susan,Haruto,Nhat Ban,24
HLV14,Nguyen Thanh,Son,Viet Nam,18
HLV15,Nguyen Minh,Duc,Viet Nam,6
HLV16,Saidou,Naruto,Viet Nam,14
HLV17,Nguyen Duc,Nam,Viet Nam,9
HLV18,Nguyen Thanh,Cong,Viet Nam,11
HLV19,Pham Minh,Duc,Viet Nam,12
HLV20,Dang Phuong,Nam,Viet Nam,15
HLV21,Hoang Van,Phuc,Viet Nam,17
HLV22,Nguyen Duc,Thanh,Viet Nam,7
HLV23,Dinh Hong,Vinh,Viet Nam,2
HLV24,Phan Thanh,Binh,Viet Nam,17
HLV25,Nguyen Tien,Dung,Viet Nam,13
HLV26,Huynh Duc,Luong,Viet Nam,7
HLV27,Le Ngoc Trung,Kien,Viet Nam,10
HLV28,Nguyen,Ethan,Hoa Ky,14
HLV29,Lee,Donyoo,Han Quoc,4
HLV30,Park,Hwang Yu,Han Quoc,6
